{"cameraMode":{"drawMode":0,"name":"Shaded","section":"Shading Mode"},"sceneLighting":false,"audioPlay":false,"sceneViewState":{"showFog":true,"showMaterialUpdate":false,"showSkybox":false,"showFlares":true,"showImageEffects":true,"showParticleSystems":true},"in2DMode":false,"pivot":{"x":-0.016699999570846559,"y":0.028883997350931169,"z":0.022915475070476533},"rotation":{"x":-0.01707528904080391,"y":0.9325962066650391,"z":-0.35776644945144656,"w":-0.044518664479255679},"size":0.15583711862564088,"orthographic":false}