{"cameraMode":{"drawMode":0,"name":"Shaded","section":"Shading Mode"},"sceneLighting":true,"audioPlay":false,"sceneViewState":{"showFog":true,"showMaterialUpdate":false,"showSkybox":true,"showFlares":true,"showImageEffects":true,"showParticleSystems":true},"in2DMode":false,"pivot":{"x":-5.281996250152588,"y":0.020384788513183595,"z":-0.724085807800293},"rotation":{"x":0.41277143359184267,"y":0.173780620098114,"z":-0.08236173540353775,"w":0.8906335234642029},"size":8.448431968688965,"orthographic":false}